created_date,complaint_type,avg_resolution_hours
2020-01-05,HEAT/HOT WATER,42.851129803512436
2020-01-05,NOISE - RESIDENTIAL,5.176254333392091
2020-01-05,NOISE - STREET/SIDEWALK,3.6349964838255975
2020-01-05,RODENT,120.08963293650793
2020-01-12,HEAT/HOT WATER,44.15991985653526
2020-01-12,NOISE - RESIDENTIAL,8.626092414529914
2020-01-12,NOISE - STREET/SIDEWALK,4.028642903018626
2020-01-12,RODENT,589.4075824652778
2020-01-19,HEAT/HOT WATER,58.49448887873248
2020-01-19,NOISE - RESIDENTIAL,6.389320957498779
2020-01-19,NOISE - STREET/SIDEWALK,3.2822970085470082
2020-01-19,RODENT,1069.9181292517007
2020-01-26,HEAT/HOT WATER,47.93713263335747
2020-01-26,NOISE - RESIDENTIAL,5.981536517615176
2020-01-26,NOISE - STREET/SIDEWALK,3.9059274598393574
2020-01-26,RODENT,689.2579807692308
2020-02-02,HEAT/HOT WATER,39.87903782820023
2020-02-02,NOISE - RESIDENTIAL,28.822803633311675
2020-02-02,NOISE - STREET/SIDEWALK,9.767853306478685
2020-02-02,RODENT,444.0934027777777
2020-02-09,HEAT/HOT WATER,43.86013885468822
2020-02-09,NOISE - RESIDENTIAL,16.20714463338057
2020-02-09,NOISE - STREET/SIDEWALK,4.0796268929027555
2020-02-09,RODENT,738.3989743589743
2020-02-16,HEAT/HOT WATER,53.21570488535296
2020-02-16,NOISE - RESIDENTIAL,9.843276825098531
2020-02-16,NOISE - STREET/SIDEWALK,8.872770547119789
2020-02-16,RODENT,594.8710925925926
2020-02-23,HEAT/HOT WATER,48.56677657640106
2020-02-23,NOISE - RESIDENTIAL,4.7251127600486
2020-02-23,NOISE - STREET/SIDEWALK,3.0650031387319525
2020-02-23,RODENT,2407.381388888889
2020-03-01,HEAT/HOT WATER,44.29332696723734
2020-03-01,NOISE - RESIDENTIAL,10.523495248011105
2020-03-01,NOISE - STREET/SIDEWALK,5.356932109729622
2020-03-01,RODENT,938.343118908382
2020-03-08,HEAT/HOT WATER,39.22387297256329
2020-03-08,NOISE - RESIDENTIAL,6.215507947938336
2020-03-08,NOISE - STREET/SIDEWALK,3.1517607307796793
2020-03-08,RODENT,1890.644611111111
2020-03-15,HEAT/HOT WATER,41.16363011365674
2020-03-15,NOISE - RESIDENTIAL,6.752399519960148
2020-03-15,NOISE - STREET/SIDEWALK,4.747060153518771
2020-03-15,RODENT,2637.113872053872
2020-03-22,HEAT/HOT WATER,35.33561867791177
2020-03-22,NOISE - RESIDENTIAL,5.276470070975441
2020-03-22,NOISE - STREET/SIDEWALK,3.608791979625313
2020-03-22,RODENT,2801.480952380952
2020-03-29,HEAT/HOT WATER,38.682527591996255
2020-03-29,NOISE - RESIDENTIAL,4.264241343973486
2020-03-29,NOISE - STREET/SIDEWALK,3.0640156375300722
2020-03-29,RODENT,2019.8507246376812
2020-04-05,HEAT/HOT WATER,40.0504830294691
2020-04-05,NOISE - RESIDENTIAL,4.137213782474681
2020-04-05,NOISE - STREET/SIDEWALK,2.6860704061549474
2020-04-05,RODENT,1084.277088888889
2020-04-12,HEAT/HOT WATER,38.52568941588221
2020-04-12,NOISE - RESIDENTIAL,2.375985564583223
2020-04-12,NOISE - STREET/SIDEWALK,1.8844806684141548
2020-04-12,RODENT,952.4880628654971
2020-04-19,HEAT/HOT WATER,47.746263508123
2020-04-19,NOISE - RESIDENTIAL,1.73656831512945
2020-04-19,NOISE - STREET/SIDEWALK,1.265760522641133
2020-04-19,RODENT,884.9794097222222
2020-04-26,HEAT/HOT WATER,46.60553921568627
2020-04-26,NOISE - RESIDENTIAL,0.6844788590333253
2020-04-26,NOISE - STREET/SIDEWALK,0.5527576200602516
2020-04-26,RODENT,912.2884274952919
2020-05-03,HEAT/HOT WATER,43.11804211241297
2020-05-03,NOISE - RESIDENTIAL,0.40004910714285713
2020-05-03,NOISE - STREET/SIDEWALK,0.39465754716981133
2020-05-03,RODENT,782.4412765293383
2020-05-10,HEAT/HOT WATER,45.137679541768044
2020-05-10,NOISE - RESIDENTIAL,0.4034709422169027
2020-05-10,NOISE - STREET/SIDEWALK,0.37587611254665515
2020-05-10,RODENT,814.0086507936509
2020-05-17,HEAT/HOT WATER,49.04266041380213
2020-05-17,NOISE - RESIDENTIAL,0.3925164512484325
2020-05-17,NOISE - STREET/SIDEWALK,0.3480980997742552
2020-05-17,RODENT,1136.4015008291874
2020-05-24,HEAT/HOT WATER,51.16273356602676
2020-05-24,NOISE - RESIDENTIAL,0.39470353551354714
2020-05-24,NOISE - STREET/SIDEWALK,0.37019060645653007
2020-05-24,RODENT,1038.111058006536
2020-05-31,HEAT/HOT WATER,40.74332379961865
2020-05-31,NOISE - RESIDENTIAL,0.4581725570320461
2020-05-31,NOISE - STREET/SIDEWALK,0.44812125781215856
2020-05-31,RODENT,2196.264661835749
2020-06-07,HEAT/HOT WATER,39.72534587565405
2020-06-07,NOISE - RESIDENTIAL,1.1910343941449777
2020-06-07,NOISE - STREET/SIDEWALK,0.9307528723328339
2020-06-07,RODENT,1856.0498566308243
2020-06-14,HEAT/HOT WATER,54.95259613116301
2020-06-14,NOISE - RESIDENTIAL,0.7325723019355178
2020-06-14,NOISE - STREET/SIDEWALK,0.637227565759989
2020-06-14,RODENT,1789.3563055555555
2020-06-21,HEAT/HOT WATER,58.22335688405797
2020-06-21,NOISE - RESIDENTIAL,5.014238141761147
2020-06-21,NOISE - STREET/SIDEWALK,0.705085598311749
2020-06-21,RODENT,1637.8141477272727
2020-06-28,HEAT/HOT WATER,49.916323146173895
2020-06-28,NOISE - RESIDENTIAL,0.7551701614711819
2020-06-28,NOISE - STREET/SIDEWALK,0.720295669060783
2020-06-28,RODENT,1820.8657168458783
2020-07-05,HEAT/HOT WATER,60.9433180372002
2020-07-05,NOISE - RESIDENTIAL,10.16038451757164
2020-07-05,NOISE - STREET/SIDEWALK,0.8538044065963774
2020-07-05,RODENT,2666.8992921146955
2020-07-12,HEAT/HOT WATER,58.643668159522285
2020-07-12,NOISE - RESIDENTIAL,1.1230068653228162
2020-07-12,NOISE - STREET/SIDEWALK,0.7919286659760588
2020-07-12,RODENT,2354.9526010101013
2020-07-19,HEAT/HOT WATER,61.946289682539685
2020-07-19,NOISE - RESIDENTIAL,1.1241829038340667
2020-07-19,NOISE - STREET/SIDEWALK,0.816365417688686
2020-07-19,RODENT,1664.1709854497353
2020-07-26,HEAT/HOT WATER,59.93492406542056
2020-07-26,NOISE - RESIDENTIAL,3.8972996365197767
2020-07-26,NOISE - STREET/SIDEWALK,1.1581155274515706
2020-07-26,RODENT,1941.6783333333333
2020-08-02,HEAT/HOT WATER,62.26365803303303
2020-08-02,NOISE - RESIDENTIAL,4.422994695359289
2020-08-02,NOISE - STREET/SIDEWALK,1.0447803480475382
2020-08-02,RODENT,2082.727208994709
2020-08-09,HEAT/HOT WATER,62.008417996081725
2020-08-09,NOISE - RESIDENTIAL,7.414251568188797
2020-08-09,NOISE - STREET/SIDEWALK,0.9660127407623399
2020-08-09,RODENT,2212.6111311914324
2020-08-16,HEAT/HOT WATER,62.226345144356955
2020-08-16,NOISE - RESIDENTIAL,2.4759764711385537
2020-08-16,NOISE - STREET/SIDEWALK,1.0481987847222223
2020-08-16,RODENT,2084.871966966967
2020-08-23,HEAT/HOT WATER,55.96806621519939
2020-08-23,NOISE - RESIDENTIAL,1.7141191256043864
2020-08-23,NOISE - STREET/SIDEWALK,1.0499797695839146
2020-08-23,RODENT,2194.3116429801894
2020-08-30,HEAT/HOT WATER,64.47782170856988
2020-08-30,NOISE - RESIDENTIAL,1.6665571326412034
2020-08-30,NOISE - STREET/SIDEWALK,1.0890824022607752
2020-08-30,RODENT,1308.679874727669
2020-09-06,HEAT/HOT WATER,81.52870840760546
2020-09-06,NOISE - RESIDENTIAL,2.908784036483676
2020-09-06,NOISE - STREET/SIDEWALK,1.1440372660399807
2020-09-06,RODENT,1682.6001044129237
2020-09-13,HEAT/HOT WATER,73.57872553447757
2020-09-13,NOISE - RESIDENTIAL,2.669473632238389
2020-09-13,NOISE - STREET/SIDEWALK,1.2359790134939617
2020-09-13,RODENT,1825.7176441102756
2020-09-20,HEAT/HOT WATER,73.86827312827849
2020-09-20,NOISE - RESIDENTIAL,2.6819261438818858
2020-09-20,NOISE - STREET/SIDEWALK,1.2733539920337673
2020-09-20,RODENT,1475.6561278896345
2020-09-27,HEAT/HOT WATER,65.49997484276729
2020-09-27,NOISE - RESIDENTIAL,3.702171282453968
2020-09-27,NOISE - STREET/SIDEWALK,1.622513958232673
2020-09-27,RODENT,958.2161581920905
2020-10-04,HEAT/HOT WATER,63.28615017921147
2020-10-04,NOISE - RESIDENTIAL,16.719543175723658
2020-10-04,NOISE - STREET/SIDEWALK,1.8413211026985052
2020-10-04,RODENT,675.985015015015
2020-10-11,HEAT/HOT WATER,59.81128369806533
2020-10-11,NOISE - RESIDENTIAL,1.894543170559094
2020-10-11,NOISE - STREET/SIDEWALK,1.081523870996965
2020-10-11,RODENT,691.2760174603175
2020-10-18,HEAT/HOT WATER,63.643387798157235
2020-10-18,NOISE - RESIDENTIAL,2.052520864229841
2020-10-18,NOISE - STREET/SIDEWALK,1.0498991941956404
2020-10-18,RODENT,675.670604005168
2020-10-25,HEAT/HOT WATER,55.654490671174564
2020-10-25,NOISE - RESIDENTIAL,1.7225485436893204
2020-10-25,NOISE - STREET/SIDEWALK,1.3966558465375587
2020-10-25,RODENT,421.3725985663082
2020-11-01,HEAT/HOT WATER,80.0978256469478
2020-11-01,NOISE - RESIDENTIAL,1.4573713950813871
2020-11-01,NOISE - STREET/SIDEWALK,1.0312638381730714
2020-11-01,RODENT,528.9420915915915
2020-11-08,HEAT/HOT WATER,75.83555854241338
2020-11-08,NOISE - RESIDENTIAL,2.274653755601124
2020-11-08,NOISE - STREET/SIDEWALK,1.206421141034327
2020-11-08,RODENT,415.0236709104938
2020-11-15,HEAT/HOT WATER,49.22411677272863
2020-11-15,NOISE - RESIDENTIAL,1.328503378752631
2020-11-15,NOISE - STREET/SIDEWALK,1.0946981509884117
2020-11-15,RODENT,504.19497876857747
2020-11-22,HEAT/HOT WATER,60.23461527358174
2020-11-22,NOISE - RESIDENTIAL,2.006936196341508
2020-11-22,NOISE - STREET/SIDEWALK,1.2472136368671762
2020-11-22,RODENT,449.5004452926209
2020-11-29,HEAT/HOT WATER,44.64282996240114
2020-11-29,NOISE - RESIDENTIAL,1.5248591178505881
2020-11-29,NOISE - STREET/SIDEWALK,1.1277935390595373
2020-11-29,RODENT,391.3550626693767
2020-12-06,HEAT/HOT WATER,50.16177544857382
2020-12-06,NOISE - RESIDENTIAL,3.5057055518836746
2020-12-06,NOISE - STREET/SIDEWALK,1.0064649790264364
2020-12-06,RODENT,330.71533368273936
2020-12-13,HEAT/HOT WATER,48.68244607679995
2020-12-13,NOISE - RESIDENTIAL,4.149531326480665
2020-12-13,NOISE - STREET/SIDEWALK,1.3457421853156628
2020-12-13,RODENT,500.7053260869566
2020-12-20,HEAT/HOT WATER,67.20996004983233
2020-12-20,NOISE - RESIDENTIAL,1.9805176964722655
2020-12-20,NOISE - STREET/SIDEWALK,1.1963116531165312
2020-12-20,RODENT,634.7673560606061
2020-12-27,HEAT/HOT WATER,55.48330957921272
2020-12-27,NOISE - RESIDENTIAL,1.932593312831645
2020-12-27,NOISE - STREET/SIDEWALK,1.2045498195411188
2020-12-27,RODENT,495.88717911877393
2021-01-03,HEAT/HOT WATER,49.75721649184149
2021-01-03,NOISE - RESIDENTIAL,2.2841913299416237
2021-01-03,NOISE - STREET/SIDEWALK,1.2119568062827224
2021-01-03,RODENT,531.0066789215687
2021-01-10,HEAT/HOT WATER,49.788869488910926
2021-01-10,NOISE - RESIDENTIAL,2.9345148167180537
2021-01-10,NOISE - STREET/SIDEWALK,1.0696239268383725
2021-01-10,RODENT,434.0137446286065
2021-01-17,HEAT/HOT WATER,47.0300094017094
2021-01-17,NOISE - RESIDENTIAL,3.858542753934631
2021-01-17,NOISE - STREET/SIDEWALK,0.9909662073490814
2021-01-17,RODENT,523.2711492063492
2021-01-24,HEAT/HOT WATER,56.22560523726464
2021-01-24,NOISE - RESIDENTIAL,11.682228225575038
2021-01-24,NOISE - STREET/SIDEWALK,1.0489809236947791
2021-01-24,RODENT,401.618952020202
2021-01-31,HEAT/HOT WATER,94.61351535915428
2021-01-31,NOISE - RESIDENTIAL,1.7191632242347208
2021-01-31,NOISE - STREET/SIDEWALK,1.0124669743032935
2021-01-31,RODENT,511.5024404761905
2021-02-07,HEAT/HOT WATER,92.79043098036004
2021-02-07,NOISE - RESIDENTIAL,1.2315677216733747
2021-02-07,NOISE - STREET/SIDEWALK,1.049662611516626
2021-02-07,RODENT,598.7496701388889
2021-02-14,HEAT/HOT WATER,62.67485116027993
2021-02-14,NOISE - RESIDENTIAL,1.1829138032490596
2021-02-14,NOISE - STREET/SIDEWALK,0.969390367905343
2021-02-14,RODENT,519.1332155555556
2021-02-21,HEAT/HOT WATER,54.87248711969798
2021-02-21,NOISE - RESIDENTIAL,1.2171460656753408
2021-02-21,NOISE - STREET/SIDEWALK,1.0845289206917115
2021-02-21,RODENT,389.8935270774977
2021-02-28,HEAT/HOT WATER,45.18679284288566
2021-02-28,NOISE - RESIDENTIAL,1.3272917871044823
2021-02-28,NOISE - STREET/SIDEWALK,1.0324119893088965
2021-02-28,RODENT,400.34612164297
2021-03-07,HEAT/HOT WATER,48.226860611208444
2021-03-07,NOISE - RESIDENTIAL,1.2440573256256862
2021-03-07,NOISE - STREET/SIDEWALK,1.0104394997091333
2021-03-07,RODENT,664.0959844559585
2021-03-14,HEAT/HOT WATER,43.21211807232148
2021-03-14,NOISE - RESIDENTIAL,1.1076690275266226
2021-03-14,NOISE - STREET/SIDEWALK,1.0260581381161542
2021-03-14,RODENT,665.3318917851501
2021-03-21,HEAT/HOT WATER,42.025750074959305
2021-03-21,NOISE - RESIDENTIAL,0.9770986435439561
2021-03-21,NOISE - STREET/SIDEWALK,0.8076198074570501
2021-03-21,RODENT,505.07044669669665
2021-03-28,HEAT/HOT WATER,35.47309200230624
2021-03-28,NOISE - RESIDENTIAL,0.9627195458862126
2021-03-28,NOISE - STREET/SIDEWALK,0.8056231342059508
2021-03-28,RODENT,301.69809637594585
2021-04-04,HEAT/HOT WATER,43.05538803440007
2021-04-04,NOISE - RESIDENTIAL,0.8730352073531455
2021-04-04,NOISE - STREET/SIDEWALK,0.811085981409425
2021-04-04,RODENT,352.0900120772947
2021-04-11,HEAT/HOT WATER,41.620743201409724
2021-04-11,NOISE - RESIDENTIAL,1.0590467437398217
2021-04-11,NOISE - STREET/SIDEWALK,0.881870690930611
2021-04-11,RODENT,387.48837081128744
2021-04-18,HEAT/HOT WATER,52.15657808681903
2021-04-18,NOISE - RESIDENTIAL,0.977734799131379
2021-04-18,NOISE - STREET/SIDEWALK,0.8651792362310498
2021-04-18,RODENT,497.72361651534806
2021-04-25,HEAT/HOT WATER,45.03084717895465
2021-04-25,NOISE - RESIDENTIAL,1.0689617353943563
2021-04-25,NOISE - STREET/SIDEWALK,0.9353538537195993
2021-04-25,RODENT,502.87255485527544
2021-05-02,HEAT/HOT WATER,42.48746759020249
2021-05-02,NOISE - RESIDENTIAL,0.9342625061713569
2021-05-02,NOISE - STREET/SIDEWALK,0.8728971739545541
2021-05-02,RODENT,890.9412370921108
2021-05-09,HEAT/HOT WATER,44.4049150120337
2021-05-09,NOISE - RESIDENTIAL,1.0405835556873209
2021-05-09,NOISE - STREET/SIDEWALK,0.9656868838763575
2021-05-09,RODENT,722.103585199005
2021-05-16,HEAT/HOT WATER,41.26929700367415
2021-05-16,NOISE - RESIDENTIAL,1.3597707122707123
2021-05-16,NOISE - STREET/SIDEWALK,1.3107932856169053
2021-05-16,RODENT,874.485383686362
2021-05-23,HEAT/HOT WATER,48.979357788738184
2021-05-23,NOISE - RESIDENTIAL,1.5223588947990543
2021-05-23,NOISE - STREET/SIDEWALK,1.3570565123930112
2021-05-23,RODENT,1301.9667966903073
2021-05-30,HEAT/HOT WATER,68.44136423300695
2021-05-30,NOISE - RESIDENTIAL,1.2093376879987723
2021-05-30,NOISE - STREET/SIDEWALK,1.3484719732281583
2021-05-30,RODENT,1357.4196067985793
2021-06-06,HEAT/HOT WATER,59.631373249014004
2021-06-06,NOISE - RESIDENTIAL,1.3727404713876208
2021-06-06,NOISE - STREET/SIDEWALK,1.9279897067305558
2021-06-06,RODENT,1398.9194756441223
2021-06-13,HEAT/HOT WATER,70.87511712128217
2021-06-13,NOISE - RESIDENTIAL,1.276322082477755
2021-06-13,NOISE - STREET/SIDEWALK,1.2309334760121278
2021-06-13,RODENT,1189.8561119257085
2021-06-20,HEAT/HOT WATER,76.6857355324074
2021-06-20,NOISE - RESIDENTIAL,1.4608642295543106
2021-06-20,NOISE - STREET/SIDEWALK,1.6410454221407476
2021-06-20,RODENT,1105.1539268518518
2021-06-27,HEAT/HOT WATER,84.57291292639138
2021-06-27,NOISE - RESIDENTIAL,1.7328608857988927
2021-06-27,NOISE - STREET/SIDEWALK,2.4456728963400667
2021-06-27,RODENT,1208.8643033226153
2021-07-04,HEAT/HOT WATER,85.14883480825958
2021-07-04,NOISE - RESIDENTIAL,2.2755794822367643
2021-07-04,NOISE - STREET/SIDEWALK,2.4965917557499187
2021-07-04,RODENT,1237.4870733708394
2021-07-11,HEAT/HOT WATER,68.35605324074074
2021-07-11,NOISE - RESIDENTIAL,2.35829119682977
2021-07-11,NOISE - STREET/SIDEWALK,7.997200641876937
2021-07-11,RODENT,1121.4610801393728
2021-07-18,HEAT/HOT WATER,60.347713498622596
2021-07-18,NOISE - RESIDENTIAL,30.867502166914313
2021-07-18,NOISE - STREET/SIDEWALK,2.819379808364806
2021-07-18,RODENT,978.9961832186168
2021-07-25,HEAT/HOT WATER,64.3309051398337
2021-07-25,NOISE - RESIDENTIAL,76.92312815656565
2021-07-25,NOISE - STREET/SIDEWALK,11.549966592234858
2021-07-25,RODENT,918.6168063630491
2021-08-01,HEAT/HOT WATER,56.86508862433862
2021-08-01,NOISE - RESIDENTIAL,5.608340547849998
2021-08-01,NOISE - STREET/SIDEWALK,7.050674515261682
2021-08-01,RODENT,753.2203979400749
2021-08-08,HEAT/HOT WATER,60.45385496671787
2021-08-08,NOISE - RESIDENTIAL,2.8053321513002363
2021-08-08,NOISE - STREET/SIDEWALK,2.630054654547615
2021-08-08,RODENT,681.8450868652156
2021-08-15,HEAT/HOT WATER,61.2856493921945
2021-08-15,NOISE - RESIDENTIAL,5.118085553997195
2021-08-15,NOISE - STREET/SIDEWALK,1.1958288958157457
2021-08-15,RODENT,560.6737483787289
2021-08-22,HEAT/HOT WATER,84.7950103950104
2021-08-22,NOISE - RESIDENTIAL,42.64821373091101
2021-08-22,NOISE - STREET/SIDEWALK,3.8324197387891656
2021-08-22,RODENT,503.7087368207624
2021-08-29,HEAT/HOT WATER,76.32359143327841
2021-08-29,NOISE - RESIDENTIAL,6.6152242682967906
2021-08-29,NOISE - STREET/SIDEWALK,23.863193129361246
2021-08-29,RODENT,511.5914583333333
2021-09-05,HEAT/HOT WATER,103.87438452361586
2021-09-05,NOISE - RESIDENTIAL,8.204601373573226
2021-09-05,NOISE - STREET/SIDEWALK,1.032022906586461
2021-09-05,RODENT,439.620203562341
2021-09-12,HEAT/HOT WATER,98.39064374210858
2021-09-12,NOISE - RESIDENTIAL,6.064870772098288
2021-09-12,NOISE - STREET/SIDEWALK,0.9031696358190131
2021-09-12,RODENT,380.4493146332607
2021-09-19,HEAT/HOT WATER,98.26100730488274
2021-09-19,NOISE - RESIDENTIAL,2.135772668810289
2021-09-19,NOISE - STREET/SIDEWALK,1.1944113542229426
2021-09-19,RODENT,388.58289625647154
2021-09-26,HEAT/HOT WATER,94.5061698799256
2021-09-26,NOISE - RESIDENTIAL,1.0911702552735936
2021-09-26,NOISE - STREET/SIDEWALK,0.9809505800981704
2021-09-26,RODENT,294.5272523427041
2021-10-03,HEAT/HOT WATER,55.45423074834365
2021-10-03,NOISE - RESIDENTIAL,1.030340799881718
2021-10-03,NOISE - STREET/SIDEWALK,1.0096172618653239
2021-10-03,RODENT,407.55843127321856
2021-10-10,HEAT/HOT WATER,50.27070580653914
2021-10-10,NOISE - RESIDENTIAL,1.0329899783172034
2021-10-10,NOISE - STREET/SIDEWALK,0.9367291438519642
2021-10-10,RODENT,415.9905835603996
2021-10-17,HEAT/HOT WATER,45.32353009259259
2021-10-17,NOISE - RESIDENTIAL,3.1816011730885148
2021-10-17,NOISE - STREET/SIDEWALK,0.8389246209296545
2021-10-17,RODENT,395.10359284627094
2021-10-24,HEAT/HOT WATER,41.66009829552736
2021-10-24,NOISE - RESIDENTIAL,1.0438848838065775
2021-10-24,NOISE - STREET/SIDEWALK,0.865546875
2021-10-24,RODENT,318.22131471785923
2021-10-31,HEAT/HOT WATER,67.65231851222505
2021-10-31,NOISE - RESIDENTIAL,1.4301800081103002
2021-10-31,NOISE - STREET/SIDEWALK,0.9184871882086169
2021-10-31,RODENT,293.94138304971636
2021-11-07,HEAT/HOT WATER,75.21982646681259
2021-11-07,NOISE - RESIDENTIAL,1.1742067970905443
2021-11-07,NOISE - STREET/SIDEWALK,0.8166765823138372
2021-11-07,RODENT,215.9992284891599
2021-11-14,HEAT/HOT WATER,53.58849656167835
2021-11-14,NOISE - RESIDENTIAL,2.0925495295485783
2021-11-14,NOISE - STREET/SIDEWALK,0.9681818565400844
2021-11-14,RODENT,118.60041810841984
2021-11-21,HEAT/HOT WATER,55.096917027969056
2021-11-21,NOISE - RESIDENTIAL,3.1370746961718767
2021-11-21,NOISE - STREET/SIDEWALK,0.8576051928216877
2021-11-21,RODENT,46.625753350626894
2021-11-28,HEAT/HOT WATER,63.6700681552099
2021-11-28,NOISE - RESIDENTIAL,4.97736158585475
2021-11-28,NOISE - STREET/SIDEWALK,0.9042973856209151
2021-11-28,RODENT,110.92154596560847
2021-12-05,HEAT/HOT WATER,46.28715547959395
2021-12-05,NOISE - RESIDENTIAL,6.210105087014726
2021-12-05,NOISE - STREET/SIDEWALK,0.9647357110196616
2021-12-05,RODENT,85.2221711215933
2021-12-12,HEAT/HOT WATER,37.64813314297305
2021-12-12,NOISE - RESIDENTIAL,1.1717563803601503
2021-12-12,NOISE - STREET/SIDEWALK,0.9590603263777422
2021-12-12,RODENT,102.00815345080764
2021-12-19,HEAT/HOT WATER,33.60483004170641
2021-12-19,NOISE - RESIDENTIAL,1.4189130317890482
2021-12-19,NOISE - STREET/SIDEWALK,1.378395907322848
2021-12-19,RODENT,70.29665740740741
2021-12-26,HEAT/HOT WATER,52.406249298034496
2021-12-26,NOISE - RESIDENTIAL,4.793205666666666
2021-12-26,NOISE - STREET/SIDEWALK,6.353460440727466
2021-12-26,RODENT,144.92331560283688
2022-01-02,HEAT/HOT WATER,46.751950589071704
2022-01-02,NOISE - RESIDENTIAL,2.000911964521608
2022-01-02,NOISE - STREET/SIDEWALK,0.969350210540614
2022-01-02,RODENT,95.2260779252704
2022-01-09,HEAT/HOT WATER,59.371187634107656
2022-01-09,NOISE - RESIDENTIAL,3.8905439426683555
2022-01-09,NOISE - STREET/SIDEWALK,0.811173835125448
2022-01-09,RODENT,120.05238406795225
2022-01-16,HEAT/HOT WATER,80.06922630324063
2022-01-16,NOISE - RESIDENTIAL,2.788918168012701
2022-01-16,NOISE - STREET/SIDEWALK,1.0268175582990398
2022-01-16,RODENT,130.80173873165617
2022-01-23,HEAT/HOT WATER,80.61894198094151
2022-01-23,NOISE - RESIDENTIAL,2.744370624985749
2022-01-23,NOISE - STREET/SIDEWALK,1.0365068870523417
2022-01-23,RODENT,127.91090539832285
2022-01-30,HEAT/HOT WATER,84.16987873568756
2022-01-30,NOISE - RESIDENTIAL,4.601567949272229
2022-01-30,NOISE - STREET/SIDEWALK,4.713055555555555
2022-01-30,RODENT,78.4157671339564
2022-02-06,HEAT/HOT WATER,72.41312684833122
2022-02-06,NOISE - RESIDENTIAL,2.2246754756145677
2022-02-06,NOISE - STREET/SIDEWALK,2.673709094368341
2022-02-06,RODENT,152.5067458010336
2022-02-13,HEAT/HOT WATER,39.59954301935071
2022-02-13,NOISE - RESIDENTIAL,451.16812622839404
2022-02-13,NOISE - STREET/SIDEWALK,3.2513809054193668
2022-02-13,RODENT,207.1552375
2022-02-20,HEAT/HOT WATER,40.81249856979405
2022-02-20,NOISE - RESIDENTIAL,77.65820308262916
2022-02-20,NOISE - STREET/SIDEWALK,8.926304991539762
2022-02-20,RODENT,205.7018092298648
2022-02-27,HEAT/HOT WATER,39.05109915136185
2022-02-27,NOISE - RESIDENTIAL,1.7599784234114308
2022-02-27,NOISE - STREET/SIDEWALK,0.8979681647940074
2022-02-27,RODENT,175.80531666666667
2022-03-06,HEAT/HOT WATER,35.08543161271508
2022-03-06,NOISE - RESIDENTIAL,24.873502757738848
2022-03-06,NOISE - STREET/SIDEWALK,1.1197316743827161
2022-03-06,RODENT,153.5448156924697
2022-03-13,HEAT/HOT WATER,36.490798897684954
2022-03-13,NOISE - RESIDENTIAL,1.5641696866468555
2022-03-13,NOISE - STREET/SIDEWALK,1.1019141653501843
2022-03-13,RODENT,58.98748084291188
2022-03-20,HEAT/HOT WATER,34.254518275523004
2022-03-20,NOISE - RESIDENTIAL,5.0057893486113265
2022-03-20,NOISE - STREET/SIDEWALK,1.682540636042403
2022-03-20,RODENT,137.9087323633157
2022-03-27,HEAT/HOT WATER,35.658904120970426
2022-03-27,NOISE - RESIDENTIAL,1.4071193261191386
2022-03-27,NOISE - STREET/SIDEWALK,1.453148854961832
2022-03-27,RODENT,115.13966142107772
2022-04-03,HEAT/HOT WATER,41.7430759829597
2022-04-03,NOISE - RESIDENTIAL,1.9186005580923389
2022-04-03,NOISE - STREET/SIDEWALK,1.1278713474025974
2022-04-03,RODENT,106.68726132686083
2022-04-10,HEAT/HOT WATER,34.96690844266177
2022-04-10,NOISE - RESIDENTIAL,1.6702981540408268
2022-04-10,NOISE - STREET/SIDEWALK,1.261871480472298
2022-04-10,RODENT,163.77185307017544
2022-04-17,HEAT/HOT WATER,34.808473367482925
2022-04-17,NOISE - RESIDENTIAL,1.9386059006272243
2022-04-17,NOISE - STREET/SIDEWALK,1.252418699186992
2022-04-17,RODENT,158.8472998946814
2022-04-24,HEAT/HOT WATER,37.1669597356108
2022-04-24,NOISE - RESIDENTIAL,2.1585175014645577
2022-04-24,NOISE - STREET/SIDEWALK,1.4591379907371338
2022-04-24,RODENT,200.56403751537513
2022-05-01,HEAT/HOT WATER,37.52121514107611
2022-05-01,NOISE - RESIDENTIAL,2.11783334177771
2022-05-01,NOISE - STREET/SIDEWALK,1.3888976727843914
2022-05-01,RODENT,182.32209762231366
2022-05-08,HEAT/HOT WATER,35.01858056357095
2022-05-08,NOISE - RESIDENTIAL,1.4641575992827598
2022-05-08,NOISE - STREET/SIDEWALK,1.3502927203065134
2022-05-08,RODENT,177.74333635265702
2022-05-15,HEAT/HOT WATER,38.92598882503193
2022-05-15,NOISE - RESIDENTIAL,17.969829585919218
2022-05-15,NOISE - STREET/SIDEWALK,1.8028790462166422
2022-05-15,RODENT,200.18746690734056
2022-05-22,HEAT/HOT WATER,36.978317028341046
2022-05-22,NOISE - RESIDENTIAL,80.18230502245814
2022-05-22,NOISE - STREET/SIDEWALK,1.9661360464639004
2022-05-22,RODENT,152.11888356747554
2022-05-29,HEAT/HOT WATER,40.39102272727273
2022-05-29,NOISE - RESIDENTIAL,1.5470538892124508
2022-05-29,NOISE - STREET/SIDEWALK,1.507857191408374
2022-05-29,RODENT,182.02319392033544
2022-06-05,HEAT/HOT WATER,42.912822249589496
2022-06-05,NOISE - RESIDENTIAL,11.019399733066399
2022-06-05,NOISE - STREET/SIDEWALK,3.4281103930944155
2022-06-05,RODENT,162.62472901800885
2022-06-12,HEAT/HOT WATER,45.28246927236972
2022-06-12,NOISE - RESIDENTIAL,1.5706904322884654
2022-06-12,NOISE - STREET/SIDEWALK,1.5283265402317974
2022-06-12,RODENT,194.35570389266817
2022-06-19,HEAT/HOT WATER,47.617544430877764
2022-06-19,NOISE - RESIDENTIAL,2.217347131730697
2022-06-19,NOISE - STREET/SIDEWALK,1.6065652645889132
2022-06-19,RODENT,171.05085499058382
2022-06-26,HEAT/HOT WATER,45.36068990246701
2022-06-26,NOISE - RESIDENTIAL,1.333033921051414
2022-06-26,NOISE - STREET/SIDEWALK,1.2941025520735598
2022-06-26,RODENT,136.32667569193742
2022-07-03,HEAT/HOT WATER,48.55445646945647
2022-07-03,NOISE - RESIDENTIAL,4.573285949673315
2022-07-03,NOISE - STREET/SIDEWALK,3.935388023779419
2022-07-03,RODENT,150.53748480902777
2022-07-10,HEAT/HOT WATER,39.2727037343635
2022-07-10,NOISE - RESIDENTIAL,8.805976498219788
2022-07-10,NOISE - STREET/SIDEWALK,2.338403917522475
2022-07-10,RODENT,232.01897542735043
2022-07-17,HEAT/HOT WATER,41.50303970637304
2022-07-17,NOISE - RESIDENTIAL,1.839871965110981
2022-07-17,NOISE - STREET/SIDEWALK,3.465511689666619
2022-07-17,RODENT,208.39208242556282
2022-07-24,HEAT/HOT WATER,48.286930199430195
2022-07-24,NOISE - RESIDENTIAL,1.823743721700599
2022-07-24,NOISE - STREET/SIDEWALK,3.141432419770438
2022-07-24,RODENT,274.63805266203707
2022-07-31,HEAT/HOT WATER,47.649493554327805
2022-07-31,NOISE - RESIDENTIAL,3.938622595384123
2022-07-31,NOISE - STREET/SIDEWALK,2.4529772590179757
2022-07-31,RODENT,337.48429328621904
2022-08-07,HEAT/HOT WATER,45.60878980182588
2022-08-07,NOISE - RESIDENTIAL,2.2301360807415174
2022-08-07,NOISE - STREET/SIDEWALK,1.3340387248443513
2022-08-07,RODENT,266.4168720238095
2022-08-14,HEAT/HOT WATER,44.93409951790634
2022-08-14,NOISE - RESIDENTIAL,1.6900394694981309
2022-08-14,NOISE - STREET/SIDEWALK,1.3270415219020368
2022-08-14,RODENT,196.32868055555556
2022-08-21,HEAT/HOT WATER,85.78570240622788
2022-08-21,NOISE - RESIDENTIAL,1.3004752726857403
2022-08-21,NOISE - STREET/SIDEWALK,1.2452701474449608
2022-08-21,RODENT,238.3424524608501
2022-08-28,HEAT/HOT WATER,50.8185316631872
2022-08-28,NOISE - RESIDENTIAL,1.5034351608270744
2022-08-28,NOISE - STREET/SIDEWALK,1.3078838437796771
2022-08-28,RODENT,200.8109821057012
2022-09-04,HEAT/HOT WATER,52.82630199430199
2022-09-04,NOISE - RESIDENTIAL,2.531077456541825
2022-09-04,NOISE - STREET/SIDEWALK,1.050537774130306
2022-09-04,RODENT,128.52336805555555
2022-09-11,HEAT/HOT WATER,43.13707898715042
2022-09-11,NOISE - RESIDENTIAL,2.989353652819229
2022-09-11,NOISE - STREET/SIDEWALK,1.3190284808508461
2022-09-11,RODENT,71.41919650205762
2022-09-18,HEAT/HOT WATER,53.751074674815854
2022-09-18,NOISE - RESIDENTIAL,4.396371255792925
2022-09-18,NOISE - STREET/SIDEWALK,1.2351043722914257
2022-09-18,RODENT,102.16185110211427
2022-09-25,HEAT/HOT WATER,49.782451260104615
2022-09-25,NOISE - RESIDENTIAL,1.8394425947686817
2022-09-25,NOISE - STREET/SIDEWALK,1.2614953325946074
2022-09-25,RODENT,109.73012598099959
2022-10-02,HEAT/HOT WATER,47.917217711067366
2022-10-02,NOISE - RESIDENTIAL,1.2501346271943756
2022-10-02,NOISE - STREET/SIDEWALK,1.048258547008547
2022-10-02,RODENT,256.90050451092117
2022-10-09,HEAT/HOT WATER,56.02140456287008
2022-10-09,NOISE - RESIDENTIAL,1.4463579121070003
2022-10-09,NOISE - STREET/SIDEWALK,1.2283726354805726
2022-10-09,RODENT,260.0963002364066
2022-10-16,HEAT/HOT WATER,43.79062144606318
2022-10-16,NOISE - RESIDENTIAL,1.898333765336098
2022-10-16,NOISE - STREET/SIDEWALK,1.2905960983884648
2022-10-16,RODENT,165.81828144078145
2022-10-23,HEAT/HOT WATER,52.505288401976465
2022-10-23,NOISE - RESIDENTIAL,1.5824769999581818
2022-10-23,NOISE - STREET/SIDEWALK,1.4305831241077143
2022-10-23,RODENT,130.4649403292181
2022-10-30,HEAT/HOT WATER,40.61756064364965
2022-10-30,NOISE - RESIDENTIAL,1.606196092569702
2022-10-30,NOISE - STREET/SIDEWALK,1.5416110489684314
2022-10-30,RODENT,200.63557487922708
2022-11-06,HEAT/HOT WATER,27.119100577798232
2022-11-06,NOISE - RESIDENTIAL,1.5365027377136753
2022-11-06,NOISE - STREET/SIDEWALK,1.3879648083959175
2022-11-06,RODENT,341.81414068745005
2022-11-13,HEAT/HOT WATER,47.09107769986815
2022-11-13,NOISE - RESIDENTIAL,1.7222492457294176
2022-11-13,NOISE - STREET/SIDEWALK,1.5092447233158357
2022-11-13,RODENT,201.27664983164982
2022-11-20,HEAT/HOT WATER,75.59953454969816
2022-11-20,NOISE - RESIDENTIAL,1.6875702090314344
2022-11-20,NOISE - STREET/SIDEWALK,1.4183634131368938
2022-11-20,RODENT,260.1016888888889
2022-11-27,HEAT/HOT WATER,82.617014870762
2022-11-27,NOISE - RESIDENTIAL,1.5633903774800595
2022-11-27,NOISE - STREET/SIDEWALK,1.483360641060077
2022-11-27,RODENT,117.13937437437437
2022-12-04,HEAT/HOT WATER,51.291287164386794
2022-12-04,NOISE - RESIDENTIAL,1.9076990235906206
2022-12-04,NOISE - STREET/SIDEWALK,1.5844955885204577
2022-12-04,RODENT,132.2104724249797
2022-12-11,HEAT/HOT WATER,55.97065442355342
2022-12-11,NOISE - RESIDENTIAL,1.8673944969821374
2022-12-11,NOISE - STREET/SIDEWALK,1.4844894329357607
2022-12-11,RODENT,127.87624222222222
2022-12-18,HEAT/HOT WATER,66.4234856004373
2022-12-18,NOISE - RESIDENTIAL,1.7284659784084893
2022-12-18,NOISE - STREET/SIDEWALK,1.4385812492223466
2022-12-18,RODENT,205.85597087378642
2022-12-25,HEAT/HOT WATER,79.91193033240998
2022-12-25,NOISE - RESIDENTIAL,2.5210032027593003
2022-12-25,NOISE - STREET/SIDEWALK,6.245474503095471
2022-12-25,RODENT,364.84779471544715
2023-01-01,HEAT/HOT WATER,90.96843820448932
2023-01-01,NOISE - RESIDENTIAL,1.752482438760807
2023-01-01,NOISE - STREET/SIDEWALK,1.5288925332037577
2023-01-01,RODENT,320.40947104018915
2023-01-08,HEAT/HOT WATER,42.425135050311916
2023-01-08,NOISE - RESIDENTIAL,1.7471267306390232
2023-01-08,NOISE - STREET/SIDEWALK,1.3470857515350323
2023-01-08,RODENT,254.34138888888887
2023-01-15,HEAT/HOT WATER,44.48261205284232
2023-01-15,NOISE - RESIDENTIAL,1.7002531946225832
2023-01-15,NOISE - STREET/SIDEWALK,1.2878147113594043
2023-01-15,RODENT,242.44860780423284
2023-01-22,HEAT/HOT WATER,44.29198878909331
2023-01-22,NOISE - RESIDENTIAL,1.784608032349968
2023-01-22,NOISE - STREET/SIDEWALK,1.2106046668745452
2023-01-22,RODENT,181.8584991708126
2023-01-29,HEAT/HOT WATER,39.08662225820698
2023-01-29,NOISE - RESIDENTIAL,1.8564624475370004
2023-01-29,NOISE - STREET/SIDEWALK,1.3248970710860954
2023-01-29,RODENT,177.4647619047619
2023-02-05,HEAT/HOT WATER,46.983772592177644
2023-02-05,NOISE - RESIDENTIAL,2.4769152142338413
2023-02-05,NOISE - STREET/SIDEWALK,1.3992304936824282
2023-02-05,RODENT,264.6648072562358
2023-02-12,HEAT/HOT WATER,39.6586795463933
2023-02-12,NOISE - RESIDENTIAL,3.5921867842773136
2023-02-12,NOISE - STREET/SIDEWALK,2.966789648987958
2023-02-12,RODENT,240.77635310156782
2023-02-19,HEAT/HOT WATER,39.80979290998905
2023-02-19,NOISE - RESIDENTIAL,2.082899369149369
2023-02-19,NOISE - STREET/SIDEWALK,1.4942888802822962
2023-02-19,RODENT,251.9764521329365
2023-02-26,HEAT/HOT WATER,43.38688426844243
2023-02-26,NOISE - RESIDENTIAL,2.251918751031864
2023-02-26,NOISE - STREET/SIDEWALK,5.349327202323329
2023-02-26,RODENT,254.68907888888887
2023-03-05,HEAT/HOT WATER,38.50996212698897
2023-03-05,NOISE - RESIDENTIAL,2.0706971104231164
2023-03-05,NOISE - STREET/SIDEWALK,1.6058274785323965
2023-03-05,RODENT,215.55772988505746
2023-03-12,HEAT/HOT WATER,43.326029477982736
2023-03-12,NOISE - RESIDENTIAL,2.88290844564865
2023-03-12,NOISE - STREET/SIDEWALK,1.908257476533508
2023-03-12,RODENT,247.95934737156512
2023-03-19,HEAT/HOT WATER,42.18821258345167
2023-03-19,NOISE - RESIDENTIAL,2.0153092610624257
2023-03-19,NOISE - STREET/SIDEWALK,1.8378004002436266
2023-03-19,RODENT,232.1166099773243
2023-03-26,HEAT/HOT WATER,33.76718500881834
2023-03-26,NOISE - RESIDENTIAL,2.222674515208382
2023-03-26,NOISE - STREET/SIDEWALK,2.0759659870308016
2023-03-26,RODENT,116.82486346516008
2023-04-02,HEAT/HOT WATER,36.439833042466546
2023-04-02,NOISE - RESIDENTIAL,1.9004482161060143
2023-04-02,NOISE - STREET/SIDEWALK,5.752167898015355
2023-04-02,RODENT,138.548757788162
2023-04-09,HEAT/HOT WATER,38.659184705110654
2023-04-09,NOISE - RESIDENTIAL,2.139939025634746
2023-04-09,NOISE - STREET/SIDEWALK,6.999016570196345
2023-04-09,RODENT,180.95450148809525
2023-04-16,HEAT/HOT WATER,35.234803003003
2023-04-16,NOISE - RESIDENTIAL,2.802695389486608
2023-04-16,NOISE - STREET/SIDEWALK,4.606182472989196
2023-04-16,RODENT,171.28944804027327
2023-04-23,HEAT/HOT WATER,34.942285410410406
2023-04-23,NOISE - RESIDENTIAL,2.5622228829927822
2023-04-23,NOISE - STREET/SIDEWALK,3.21368634746794
2023-04-23,RODENT,138.50553595773687
2023-04-30,HEAT/HOT WATER,42.65427353112275
2023-04-30,NOISE - RESIDENTIAL,2.0800665492268546
2023-04-30,NOISE - STREET/SIDEWALK,1.816272755806654
2023-04-30,RODENT,133.29799852832966
2023-05-07,HEAT/HOT WATER,38.94919729322793
2023-05-07,NOISE - RESIDENTIAL,2.2447324231010675
2023-05-07,NOISE - STREET/SIDEWALK,2.399567927773001
2023-05-07,RODENT,108.49419158361019
2023-05-14,HEAT/HOT WATER,41.56268698060942
2023-05-14,NOISE - RESIDENTIAL,1.7799865769692376
2023-05-14,NOISE - STREET/SIDEWALK,1.957643307719989
2023-05-14,RODENT,86.76961410984849
2023-05-21,HEAT/HOT WATER,41.746729684908786
2023-05-21,NOISE - RESIDENTIAL,1.0806669665111224
2023-05-21,NOISE - STREET/SIDEWALK,1.0025844209099986
2023-05-21,RODENT,82.78128321256038
2023-05-28,HEAT/HOT WATER,45.90516075102881
2023-05-28,NOISE - RESIDENTIAL,0.9623894704080462
2023-05-28,NOISE - STREET/SIDEWALK,0.7790068528375633
2023-05-28,RODENT,163.36860909822866
2023-06-04,HEAT/HOT WATER,47.59009340890008
2023-06-04,NOISE - RESIDENTIAL,0.808918860462242
2023-06-04,NOISE - STREET/SIDEWALK,0.8348349260339056
2023-06-04,RODENT,135.81393928738865
2023-06-11,HEAT/HOT WATER,49.61796555132006
2023-06-11,NOISE - RESIDENTIAL,0.7958342580531031
2023-06-11,NOISE - STREET/SIDEWALK,0.6105797194975047
2023-06-11,RODENT,136.76544945987655
2023-06-18,HEAT/HOT WATER,52.82065334268349
2023-06-18,NOISE - RESIDENTIAL,0.8359812430686147
2023-06-18,NOISE - STREET/SIDEWALK,0.6691625316793385
2023-06-18,RODENT,184.4695353349673
2023-06-25,HEAT/HOT WATER,56.156173974540316
2023-06-25,NOISE - RESIDENTIAL,0.8778898301129469
2023-06-25,NOISE - STREET/SIDEWALK,0.6882472595337347
2023-06-25,RODENT,188.4371663116791
2023-07-02,HEAT/HOT WATER,52.443819982773476
2023-07-02,NOISE - RESIDENTIAL,0.8560696469332154
2023-07-02,NOISE - STREET/SIDEWALK,0.6987670621252711
2023-07-02,RODENT,212.64554265330904
2023-07-09,HEAT/HOT WATER,51.95976613211149
2023-07-09,NOISE - RESIDENTIAL,0.9047307383627609
2023-07-09,NOISE - STREET/SIDEWALK,0.740947045002711
2023-07-09,RODENT,150.13676924473495
2023-07-16,HEAT/HOT WATER,56.308469616802945
2023-07-16,NOISE - RESIDENTIAL,1.0689343289789128
2023-07-16,NOISE - STREET/SIDEWALK,0.8196600774467554
2023-07-16,RODENT,118.04793582375478
2023-07-23,HEAT/HOT WATER,55.799421793037666
2023-07-23,NOISE - RESIDENTIAL,1.0769299479465686
2023-07-23,NOISE - STREET/SIDEWALK,0.9200631642512077
2023-07-23,RODENT,163.9210271500314
2023-07-30,HEAT/HOT WATER,55.55257021604938
2023-07-30,NOISE - RESIDENTIAL,1.060352810978309
2023-07-30,NOISE - STREET/SIDEWALK,1.0029526562381925
2023-07-30,RODENT,147.26390782828284
2023-08-06,HEAT/HOT WATER,51.16727565671398
2023-08-06,NOISE - RESIDENTIAL,1.1057161659513592
2023-08-06,NOISE - STREET/SIDEWALK,0.9412090681508305
2023-08-06,RODENT,166.83390372168284
2023-08-13,HEAT/HOT WATER,46.23543657407408
2023-08-13,NOISE - RESIDENTIAL,1.1770627057967684
2023-08-13,NOISE - STREET/SIDEWALK,0.9919063562511355
2023-08-13,RODENT,197.44606785063752
2023-08-20,HEAT/HOT WATER,49.807344877344875
2023-08-20,NOISE - RESIDENTIAL,1.2865501699705895
2023-08-20,NOISE - STREET/SIDEWALK,1.2634012608498908
2023-08-20,RODENT,120.88491779368867
2023-08-27,HEAT/HOT WATER,46.82377814691768
2023-08-27,NOISE - RESIDENTIAL,1.172356357897939
2023-08-27,NOISE - STREET/SIDEWALK,0.9879919671831435
2023-08-27,RODENT,142.662884863124
2023-09-03,HEAT/HOT WATER,49.31862071977638
2023-09-03,NOISE - RESIDENTIAL,1.0536153337164151
2023-09-03,NOISE - STREET/SIDEWALK,0.8408340750630471
2023-09-03,RODENT,128.8794908696998
2023-09-10,HEAT/HOT WATER,46.32871628910464
2023-09-10,NOISE - RESIDENTIAL,1.0065607261282528
2023-09-10,NOISE - STREET/SIDEWALK,0.7910652802841511
2023-09-10,RODENT,158.23005998956705
2023-09-17,HEAT/HOT WATER,57.912956665058694
2023-09-17,NOISE - RESIDENTIAL,0.9792657777777778
2023-09-17,NOISE - STREET/SIDEWALK,0.7122408014571949
2023-09-17,RODENT,147.1767053789731
2023-09-24,HEAT/HOT WATER,40.85636647794291
2023-09-24,NOISE - RESIDENTIAL,0.9513906618275869
2023-09-24,NOISE - STREET/SIDEWALK,0.6638165302386626
2023-09-24,RODENT,115.69030832622904
2023-10-01,HEAT/HOT WATER,39.70677143561472
2023-10-01,NOISE - RESIDENTIAL,0.9946642656738967
2023-10-01,NOISE - STREET/SIDEWALK,0.710254870827958
2023-10-01,RODENT,118.74697456492638
2023-10-08,HEAT/HOT WATER,39.57121804632706
2023-10-08,NOISE - RESIDENTIAL,0.9840991842213961
2023-10-08,NOISE - STREET/SIDEWALK,0.757810062833507
2023-10-08,RODENT,132.2825138121547
2023-10-15,HEAT/HOT WATER,45.400224721261054
2023-10-15,NOISE - RESIDENTIAL,1.05096968876046
2023-10-15,NOISE - STREET/SIDEWALK,0.7540026261924072
2023-10-15,RODENT,76.56551212450235
2023-10-22,HEAT/HOT WATER,39.04235552421949
2023-10-22,NOISE - RESIDENTIAL,1.0216625576744094
2023-10-22,NOISE - STREET/SIDEWALK,0.747749734438071
2023-10-22,RODENT,87.32449174406605
2023-10-29,HEAT/HOT WATER,36.66327045328911
2023-10-29,NOISE - RESIDENTIAL,1.151813219356801
2023-10-29,NOISE - STREET/SIDEWALK,0.920093388232486
2023-10-29,RODENT,91.6481135653726
2023-11-05,HEAT/HOT WATER,57.53108791290042
2023-11-05,NOISE - RESIDENTIAL,1.1412412267910954
2023-11-05,NOISE - STREET/SIDEWALK,0.8184615300258806
2023-11-05,RODENT,142.35913306451613
2023-11-12,HEAT/HOT WATER,54.29716930815489
2023-11-12,NOISE - RESIDENTIAL,1.3630241100219957
2023-11-12,NOISE - STREET/SIDEWALK,1.0258506749156355
2023-11-12,RODENT,130.23745428973277
2023-11-19,HEAT/HOT WATER,43.393654847717386
2023-11-19,NOISE - RESIDENTIAL,1.1829363966770507
2023-11-19,NOISE - STREET/SIDEWALK,0.8931409664512158
2023-11-19,RODENT,73.44242241379311
2023-11-26,HEAT/HOT WATER,47.58140269072779
2023-11-26,NOISE - RESIDENTIAL,1.186433288396538
2023-11-26,NOISE - STREET/SIDEWALK,0.8460695695695696
2023-11-26,RODENT,66.54102182539683
2023-12-03,HEAT/HOT WATER,50.78251667623696
2023-12-03,NOISE - RESIDENTIAL,1.177973412226189
2023-12-03,NOISE - STREET/SIDEWALK,0.9195628913185684
2023-12-03,RODENT,89.4110529986053
2023-12-10,HEAT/HOT WATER,37.91125822263176
2023-12-10,NOISE - RESIDENTIAL,1.224715297014466
2023-12-10,NOISE - STREET/SIDEWALK,0.9932099691589564
2023-12-10,RODENT,68.36766275085658
2023-12-17,HEAT/HOT WATER,39.08519903070885
2023-12-17,NOISE - RESIDENTIAL,2.0457532143542507
2023-12-17,NOISE - STREET/SIDEWALK,1.076733581164808
2023-12-17,RODENT,101.17506944444445
2023-12-24,HEAT/HOT WATER,55.95290911397076
2023-12-24,NOISE - RESIDENTIAL,1.3573669756265019
2023-12-24,NOISE - STREET/SIDEWALK,0.9731337241764377
2023-12-24,RODENT,88.59252232142856
2023-12-31,HEAT/HOT WATER,33.84767600190272
2023-12-31,NOISE - RESIDENTIAL,1.4150193452380952
2023-12-31,NOISE - STREET/SIDEWALK,0.817055689855851
2023-12-31,RODENT,92.34780428769018
2024-01-07,HEAT/HOT WATER,34.247255994764984
2024-01-07,NOISE - RESIDENTIAL,1.1545341767186428
2024-01-07,NOISE - STREET/SIDEWALK,0.8427285045577728
2024-01-07,RODENT,71.25987962962964
2024-01-14,HEAT/HOT WATER,35.60013022386576
2024-01-14,NOISE - RESIDENTIAL,1.1749658858592575
2024-01-14,NOISE - STREET/SIDEWALK,0.6765066619081609
2024-01-14,RODENT,71.28656371406372
2024-01-21,HEAT/HOT WATER,46.788186361178695
2024-01-21,NOISE - RESIDENTIAL,1.1097852102429797
2024-01-21,NOISE - STREET/SIDEWALK,0.7878469410706253
2024-01-21,RODENT,72.85316472586123
2024-01-28,HEAT/HOT WATER,39.653672185167544
2024-01-28,NOISE - RESIDENTIAL,1.0291920250242954
2024-01-28,NOISE - STREET/SIDEWALK,0.8017391304347826
2024-01-28,RODENT,88.52217422385621
2024-02-04,HEAT/HOT WATER,29.121958115672985
2024-02-04,NOISE - RESIDENTIAL,1.121149309677703
2024-02-04,NOISE - STREET/SIDEWALK,0.7860775713794289
2024-02-04,RODENT,111.95114942528735
2024-02-11,HEAT/HOT WATER,32.503231891433416
2024-02-11,NOISE - RESIDENTIAL,1.6416815285262167
2024-02-11,NOISE - STREET/SIDEWALK,0.8536942116197436
2024-02-11,RODENT,123.03665849673202
2024-02-18,HEAT/HOT WATER,35.27796061095358
2024-02-18,NOISE - RESIDENTIAL,1.02753904550596
2024-02-18,NOISE - STREET/SIDEWALK,0.8657417065044184
2024-02-18,RODENT,84.31771655328798
2024-02-25,HEAT/HOT WATER,35.87077315454026
2024-02-25,NOISE - RESIDENTIAL,1.1820287815507535
2024-02-25,NOISE - STREET/SIDEWALK,0.8078011344678011
2024-02-25,RODENT,91.20417811069495
2024-03-03,HEAT/HOT WATER,31.620899955228527
2024-03-03,NOISE - RESIDENTIAL,1.0396634104799118
2024-03-03,NOISE - STREET/SIDEWALK,0.9625964402740542
2024-03-03,RODENT,92.25880952380952
2024-03-10,HEAT/HOT WATER,32.687292050337625
2024-03-10,NOISE - RESIDENTIAL,1.117481312429715
2024-03-10,NOISE - STREET/SIDEWALK,0.9252450062421972
2024-03-10,RODENT,104.8136056998557
2024-03-17,HEAT/HOT WATER,32.172214804512436
2024-03-17,NOISE - RESIDENTIAL,1.3673807260155575
2024-03-17,NOISE - STREET/SIDEWALK,0.8155506702622425
2024-03-17,RODENT,152.38723660911907
2024-03-24,HEAT/HOT WATER,34.77148456314896
2024-03-24,NOISE - RESIDENTIAL,1.0852708176337604
2024-03-24,NOISE - STREET/SIDEWALK,0.8851927648578811
2024-03-24,RODENT,145.40939525462963
2024-03-31,HEAT/HOT WATER,35.618708346990054
2024-03-31,NOISE - RESIDENTIAL,1.1996802879937731
2024-03-31,NOISE - STREET/SIDEWALK,0.9219227860286029
2024-03-31,RODENT,108.11886452241716
2024-04-07,HEAT/HOT WATER,32.11465182610615
2024-04-07,NOISE - RESIDENTIAL,1.2429987093850368
2024-04-07,NOISE - STREET/SIDEWALK,0.8864497819876711
2024-04-07,RODENT,142.74145215500198
2024-04-14,HEAT/HOT WATER,29.34306106797047
2024-04-14,NOISE - RESIDENTIAL,1.3376521294143364
2024-04-14,NOISE - STREET/SIDEWALK,1.369972473501462
2024-04-14,RODENT,166.1091609977324
2024-04-21,HEAT/HOT WATER,31.15297406899703
2024-04-21,NOISE - RESIDENTIAL,1.216617013303354
2024-04-21,NOISE - STREET/SIDEWALK,0.9918404332293221
2024-04-21,RODENT,96.09589572649573
2024-04-28,HEAT/HOT WATER,31.637404850457152
2024-04-28,NOISE - RESIDENTIAL,1.3728131526733502
2024-04-28,NOISE - STREET/SIDEWALK,1.1470268879454522
2024-04-28,RODENT,81.12484390009607
2024-05-05,HEAT/HOT WATER,29.41294371822803
2024-05-05,NOISE - RESIDENTIAL,1.3534946314567615
2024-05-05,NOISE - STREET/SIDEWALK,1.1497098965848966
2024-05-05,RODENT,96.56289549239162
2024-05-12,HEAT/HOT WATER,30.424788940809968
2024-05-12,NOISE - RESIDENTIAL,1.1596931754089115
2024-05-12,NOISE - STREET/SIDEWALK,1.035078868394086
2024-05-12,RODENT,165.55452324100605
2024-05-19,HEAT/HOT WATER,27.51288589245222
2024-05-19,NOISE - RESIDENTIAL,1.1398464249748237
2024-05-19,NOISE - STREET/SIDEWALK,0.933174009632343
2024-05-19,RODENT,135.6278648424544
2024-05-26,HEAT/HOT WATER,28.312945101906642
2024-05-26,NOISE - RESIDENTIAL,0.9843847687023382
2024-05-26,NOISE - STREET/SIDEWALK,0.8551030709101061
2024-05-26,RODENT,151.22932499293185
2024-06-02,HEAT/HOT WATER,32.04672923976608
2024-06-02,NOISE - RESIDENTIAL,1.191322648384905
2024-06-02,NOISE - STREET/SIDEWALK,0.9178113344609247
2024-06-02,RODENT,88.3818188832772
2024-06-09,HEAT/HOT WATER,37.489971571448145
2024-06-09,NOISE - RESIDENTIAL,1.287133364993668
2024-06-09,NOISE - STREET/SIDEWALK,1.0191878943333923
2024-06-09,RODENT,129.76252158894647
2024-06-16,HEAT/HOT WATER,37.507986972704714
2024-06-16,NOISE - RESIDENTIAL,1.5150537011807448
2024-06-16,NOISE - STREET/SIDEWALK,1.1068343537977827
2024-06-16,RODENT,132.9599483043838
2024-06-23,HEAT/HOT WATER,46.51228280625227
2024-06-23,NOISE - RESIDENTIAL,1.6826839780388791
2024-06-23,NOISE - STREET/SIDEWALK,1.1996648910045713
2024-06-23,RODENT,133.32559154929578
2024-06-30,HEAT/HOT WATER,51.70103143560771
2024-06-30,NOISE - RESIDENTIAL,2.4433731924777105
2024-06-30,NOISE - STREET/SIDEWALK,1.3199682393320014
2024-06-30,RODENT,122.62941675058745
2024-07-07,HEAT/HOT WATER,50.080379038613074
2024-07-07,NOISE - RESIDENTIAL,1.2526094680478406
2024-07-07,NOISE - STREET/SIDEWALK,1.0029955358712082
2024-07-07,RODENT,147.22135196374623
2024-07-14,HEAT/HOT WATER,72.30461923847695
2024-07-14,NOISE - RESIDENTIAL,1.906430385084697
2024-07-14,NOISE - STREET/SIDEWALK,1.5182542165572293
2024-07-14,RODENT,235.35935284480192
2024-07-21,HEAT/HOT WATER,57.13637150363159
2024-07-21,NOISE - RESIDENTIAL,2.5904105778113715
2024-07-21,NOISE - STREET/SIDEWALK,2.465334599713688
2024-07-21,RODENT,226.06592767295598
2024-07-28,HEAT/HOT WATER,46.04215586183427
2024-07-28,NOISE - RESIDENTIAL,2.136185002515452
2024-07-28,NOISE - STREET/SIDEWALK,1.6130007531612955
2024-07-28,RODENT,212.08151228070176
2024-08-04,HEAT/HOT WATER,52.7025086164451
2024-08-04,NOISE - RESIDENTIAL,1.537486807848893
2024-08-04,NOISE - STREET/SIDEWALK,1.4906857615597888
2024-08-04,RODENT,182.12093675417663
2024-08-11,HEAT/HOT WATER,53.94433830171636
2024-08-11,NOISE - RESIDENTIAL,1.8517101621194147
2024-08-11,NOISE - STREET/SIDEWALK,1.5047119777390148
2024-08-11,RODENT,216.06527119883043
2024-08-18,HEAT/HOT WATER,61.964434250764526
2024-08-18,NOISE - RESIDENTIAL,2.2348455966639
2024-08-18,NOISE - STREET/SIDEWALK,1.6755064277127647
2024-08-18,RODENT,183.53444585448395
2024-08-25,HEAT/HOT WATER,93.1593756145526
2024-08-25,NOISE - RESIDENTIAL,2.0288496618965244
2024-08-25,NOISE - STREET/SIDEWALK,1.6474368187806923
2024-08-25,RODENT,127.52791446208113
2024-09-01,HEAT/HOT WATER,70.25051262235961
2024-09-01,NOISE - RESIDENTIAL,1.5779253458348872
2024-09-01,NOISE - STREET/SIDEWALK,1.2025635139271502
2024-09-01,RODENT,149.9403024247269
2024-09-08,HEAT/HOT WATER,45.29124157138669
2024-09-08,NOISE - RESIDENTIAL,2.0402167626383965
2024-09-08,NOISE - STREET/SIDEWALK,1.580154956474534
2024-09-08,RODENT,142.62784107834375
2024-09-15,HEAT/HOT WATER,49.184743319268634
2024-09-15,NOISE - RESIDENTIAL,2.2698265280959653
2024-09-15,NOISE - STREET/SIDEWALK,2.0837596138111603
2024-09-15,RODENT,161.42198856209149
2024-09-22,HEAT/HOT WATER,45.879674405022634
2024-09-22,NOISE - RESIDENTIAL,3.2331155384175947
2024-09-22,NOISE - STREET/SIDEWALK,2.6003388557543627
2024-09-22,RODENT,149.66894051774287
2024-09-29,HEAT/HOT WATER,67.0131183301946
2024-09-29,NOISE - RESIDENTIAL,3.7151275977995106
2024-09-29,NOISE - STREET/SIDEWALK,2.6492440007499063
2024-09-29,RODENT,180.20349899598395
2024-10-06,HEAT/HOT WATER,39.628898486901534
2024-10-06,NOISE - RESIDENTIAL,2.9250941051785255
2024-10-06,NOISE - STREET/SIDEWALK,2.0071446470985594
2024-10-06,RODENT,146.77128234398782
2024-10-13,HEAT/HOT WATER,31.429139851485147
2024-10-13,NOISE - RESIDENTIAL,2.5025473961186644
2024-10-13,NOISE - STREET/SIDEWALK,2.034070459742922
2024-10-13,RODENT,131.39054007567938
2024-10-20,HEAT/HOT WATER,43.93059913524947
2024-10-20,NOISE - RESIDENTIAL,4.0021725806884705
2024-10-20,NOISE - STREET/SIDEWALK,2.244286086503387
2024-10-20,RODENT,125.40859903381643
2024-10-27,HEAT/HOT WATER,32.46086170574244
2024-10-27,NOISE - RESIDENTIAL,2.7888085589130207
2024-10-27,NOISE - STREET/SIDEWALK,2.286596458277435
2024-10-27,RODENT,112.65604877154382
2024-11-03,HEAT/HOT WATER,32.871175661914464
2024-11-03,NOISE - RESIDENTIAL,5.557519329660239
2024-11-03,NOISE - STREET/SIDEWALK,2.792919804101622
2024-11-03,RODENT,86.64100457984867
2024-11-10,HEAT/HOT WATER,35.24608223907281
2024-11-10,NOISE - RESIDENTIAL,3.0766031165542134
2024-11-10,NOISE - STREET/SIDEWALK,2.597388442659527
2024-11-10,RODENT,104.95706908831909
2024-11-17,HEAT/HOT WATER,47.42466843048978
2024-11-17,NOISE - RESIDENTIAL,2.513874560036928
2024-11-17,NOISE - STREET/SIDEWALK,2.3691528913883206
2024-11-17,RODENT,128.45801538108356
2024-11-24,HEAT/HOT WATER,50.810439812508996
2024-11-24,NOISE - RESIDENTIAL,3.76355115503894
2024-11-24,NOISE - STREET/SIDEWALK,2.388135236830456
2024-11-24,RODENT,74.67119378306879
2024-12-01,HEAT/HOT WATER,40.065896237012076
2024-12-01,NOISE - RESIDENTIAL,3.249155580822437
2024-12-01,NOISE - STREET/SIDEWALK,2.923056129476584
2024-12-01,RODENT,63.551696825396824
2024-12-08,HEAT/HOT WATER,52.70287054934041
2024-12-08,NOISE - RESIDENTIAL,2.8332136444366376
2024-12-08,NOISE - STREET/SIDEWALK,2.5885435435435435
2024-12-08,RODENT,74.00299744897958
2024-12-15,HEAT/HOT WATER,44.28551026785321
2024-12-15,NOISE - RESIDENTIAL,3.1630395796627235
2024-12-15,NOISE - STREET/SIDEWALK,2.1251279080992376
2024-12-15,RODENT,62.73907227615965
2024-12-22,HEAT/HOT WATER,54.01237667606748
2024-12-22,NOISE - RESIDENTIAL,8.775769503382179
2024-12-22,NOISE - STREET/SIDEWALK,2.845847432205424
2024-12-22,RODENT,146.82671942892614
2024-12-29,HEAT/HOT WATER,62.3938260968661
2024-12-29,NOISE - RESIDENTIAL,4.169731220729288
2024-12-29,NOISE - STREET/SIDEWALK,2.660303868859372
2024-12-29,RODENT,104.40703365774534
2025-01-05,HEAT/HOT WATER,37.94325023272355
2025-01-05,NOISE - RESIDENTIAL,10.911463538237799
2025-01-05,NOISE - STREET/SIDEWALK,2.0912812230835485
2025-01-05,RODENT,57.841189379987725
2025-01-12,HEAT/HOT WATER,52.89917800514893
2025-01-12,NOISE - RESIDENTIAL,6.124998597132539
2025-01-12,NOISE - STREET/SIDEWALK,2.3189922568034884
2025-01-12,RODENT,49.50325062421973
2025-01-19,HEAT/HOT WATER,47.230515089786294
2025-01-19,NOISE - RESIDENTIAL,3.568624581992555
2025-01-19,NOISE - STREET/SIDEWALK,2.0919693486590036
2025-01-19,RODENT,92.0911361468765
2025-01-26,HEAT/HOT WATER,54.49127533078721
2025-01-26,NOISE - RESIDENTIAL,6.078135167257613
2025-01-26,NOISE - STREET/SIDEWALK,2.1275290486564997
2025-01-26,RODENT,61.75839275843007
2025-02-02,HEAT/HOT WATER,42.20151962603162
2025-02-02,NOISE - RESIDENTIAL,2.722444873260911
2025-02-02,NOISE - STREET/SIDEWALK,2.3857239325312576
2025-02-02,RODENT,57.68383357383357
2025-02-09,HEAT/HOT WATER,45.31447426303855
2025-02-09,NOISE - RESIDENTIAL,8.423817735663219
2025-02-09,NOISE - STREET/SIDEWALK,2.1403385947046845
2025-02-09,RODENT,95.79565420560748
2025-02-16,HEAT/HOT WATER,40.79322496379061
2025-02-16,NOISE - RESIDENTIAL,3.5517328518052307
2025-02-16,NOISE - STREET/SIDEWALK,2.520773514851485
2025-02-16,RODENT,95.76448139025725
2025-02-23,HEAT/HOT WATER,52.01615590329525
2025-02-23,NOISE - RESIDENTIAL,6.038416688055341
2025-02-23,NOISE - STREET/SIDEWALK,2.6747152110042736
2025-02-23,RODENT,66.23812467997952
2025-03-02,HEAT/HOT WATER,34.97134965406709
2025-03-02,NOISE - RESIDENTIAL,4.14034623675229
2025-03-02,NOISE - STREET/SIDEWALK,2.658954102691101
2025-03-02,RODENT,61.10106498564985
2025-03-09,HEAT/HOT WATER,32.89422822038408
2025-03-09,NOISE - RESIDENTIAL,5.0921789607815375
2025-03-09,NOISE - STREET/SIDEWALK,2.5135198966408265
2025-03-09,RODENT,60.47698287220026
2025-03-16,HEAT/HOT WATER,35.52898619779433
2025-03-16,NOISE - RESIDENTIAL,7.888304429706051
2025-03-16,NOISE - STREET/SIDEWALK,4.194792697381984
2025-03-16,RODENT,77.84980927230046
2025-03-23,HEAT/HOT WATER,34.183388785590864
2025-03-23,NOISE - RESIDENTIAL,5.468529560359948
2025-03-23,NOISE - STREET/SIDEWALK,2.448368072995145
2025-03-23,RODENT,88.210276816609
2025-03-30,HEAT/HOT WATER,32.37137918025875
2025-03-30,NOISE - RESIDENTIAL,4.737232611719701
2025-03-30,NOISE - STREET/SIDEWALK,3.174308753654971
2025-03-30,RODENT,84.23201748561311
2025-04-06,HEAT/HOT WATER,36.58958323800808
2025-04-06,NOISE - RESIDENTIAL,3.292276807375061
2025-04-06,NOISE - STREET/SIDEWALK,2.618655230834392
2025-04-06,RODENT,74.37782246376811
2025-04-13,HEAT/HOT WATER,40.17032264990296
2025-04-13,NOISE - RESIDENTIAL,2.792320424037865
2025-04-13,NOISE - STREET/SIDEWALK,2.255326523777629
2025-04-13,RODENT,68.04751510925152
2025-04-20,HEAT/HOT WATER,30.62556508190883
2025-04-20,NOISE - RESIDENTIAL,2.407364222406595
2025-04-20,NOISE - STREET/SIDEWALK,2.147622684643961
2025-04-20,RODENT,86.94214574898785
2025-04-27,HEAT/HOT WATER,31.84662369625373
2025-04-27,NOISE - RESIDENTIAL,3.0223656207721925
2025-04-27,NOISE - STREET/SIDEWALK,2.4556226893646294
2025-04-27,RODENT,55.56145949461167
2025-05-04,HEAT/HOT WATER,31.749835453774384
2025-05-04,NOISE - RESIDENTIAL,2.8050729700544754
2025-05-04,NOISE - STREET/SIDEWALK,2.4375978747203577
2025-05-04,RODENT,39.363948539886046
2025-05-11,HEAT/HOT WATER,32.165477578880754
2025-05-11,NOISE - RESIDENTIAL,2.472233133004221
2025-05-11,NOISE - STREET/SIDEWALK,2.0981063587406794
2025-05-11,RODENT,88.18743428912784
2025-05-18,HEAT/HOT WATER,31.119869939321593
2025-05-18,NOISE - RESIDENTIAL,2.4129824010787186
2025-05-18,NOISE - STREET/SIDEWALK,2.147143314754308
2025-05-18,RODENT,72.78606099218484
2025-05-25,HEAT/HOT WATER,39.770527413141856
2025-05-25,NOISE - RESIDENTIAL,1.9029391827153397
2025-05-25,NOISE - STREET/SIDEWALK,1.4628650816661835
2025-05-25,RODENT,81.15194556001785
2025-06-01,HEAT/HOT WATER,33.90782615239078
2025-06-01,NOISE - RESIDENTIAL,1.3089790494720073
2025-06-01,NOISE - STREET/SIDEWALK,1.1921977566997892
2025-06-01,RODENT,97.26719334012913
2025-06-08,HEAT/HOT WATER,54.18558308751229
2025-06-08,NOISE - RESIDENTIAL,1.324750539940024
2025-06-08,NOISE - STREET/SIDEWALK,1.1249258117902186
2025-06-08,RODENT,61.09765287769784
2025-06-15,HEAT/HOT WATER,39.66410119501652
2025-06-15,NOISE - RESIDENTIAL,1.5354588347921225
2025-06-15,NOISE - STREET/SIDEWALK,1.230812381589212
2025-06-15,RODENT,81.26250391236307
2025-06-22,HEAT/HOT WATER,35.211344773441006
2025-06-22,NOISE - RESIDENTIAL,1.6959754439226475
2025-06-22,NOISE - STREET/SIDEWALK,1.3059372028055158
2025-06-22,RODENT,73.8375408769974
2025-06-29,HEAT/HOT WATER,40.979891252955085
2025-06-29,NOISE - RESIDENTIAL,2.0482381201956676
2025-06-29,NOISE - STREET/SIDEWALK,1.4694944014505757
2025-06-29,RODENT,111.33202952952954
2025-07-06,HEAT/HOT WATER,48.581466295758744
2025-07-06,NOISE - RESIDENTIAL,1.729646184819141
2025-07-06,NOISE - STREET/SIDEWALK,1.3435256442186356
2025-07-06,RODENT,83.46167254112119
2025-07-13,HEAT/HOT WATER,54.766529461279454
2025-07-13,NOISE - RESIDENTIAL,1.8665292614722273
2025-07-13,NOISE - STREET/SIDEWALK,1.5445339931054949
2025-07-13,RODENT,59.6801988548437
2025-07-20,HEAT/HOT WATER,41.765935693641616
2025-07-20,NOISE - RESIDENTIAL,2.1506205380876433
2025-07-20,NOISE - STREET/SIDEWALK,1.6709439587992139
2025-07-20,RODENT,102.38470320767196
2025-07-27,HEAT/HOT WATER,44.80970876162506
2025-07-27,NOISE - RESIDENTIAL,2.499487188784143
2025-07-27,NOISE - STREET/SIDEWALK,2.0146239547562232
2025-07-27,RODENT,92.6563824074074
2025-08-03,HEAT/HOT WATER,44.03615463389657
2025-08-03,NOISE - RESIDENTIAL,2.154321726471514
2025-08-03,NOISE - STREET/SIDEWALK,1.8654045690550363
2025-08-03,RODENT,101.80761968560199
2025-08-10,HEAT/HOT WATER,45.35793725156161
2025-08-10,NOISE - RESIDENTIAL,2.5658898693283185
2025-08-10,NOISE - STREET/SIDEWALK,1.865058407079646
2025-08-10,RODENT,89.45943680794197
2025-08-17,HEAT/HOT WATER,44.527173835125446
2025-08-17,NOISE - RESIDENTIAL,2.365867425938363
2025-08-17,NOISE - STREET/SIDEWALK,1.6024736198462615
2025-08-17,RODENT,88.46940170940171
2025-08-24,HEAT/HOT WATER,43.488413784822285
2025-08-24,NOISE - RESIDENTIAL,2.2308259724159307
2025-08-24,NOISE - STREET/SIDEWALK,1.7246821060725632
2025-08-24,RODENT,86.44587898212899
2025-08-31,HEAT/HOT WATER,47.11884389172335
2025-08-31,NOISE - RESIDENTIAL,1.4578844363868746
2025-08-31,NOISE - STREET/SIDEWALK,1.323709947747215
2025-08-31,RODENT,111.14998892914655
2025-09-07,HEAT/HOT WATER,40.458112244897954
2025-09-07,NOISE - RESIDENTIAL,1.8277029929660578
2025-09-07,NOISE - STREET/SIDEWALK,1.4288761515912898
2025-09-07,RODENT,79.53037265258216
2025-09-14,HEAT/HOT WATER,42.11987224412323
2025-09-14,NOISE - RESIDENTIAL,1.87338438538206
2025-09-14,NOISE - STREET/SIDEWALK,1.424811422413793
2025-09-14,RODENT,64.46149739583333
2025-09-21,HEAT/HOT WATER,40.86151150558843
2025-09-21,NOISE - RESIDENTIAL,1.9112104033341966
2025-09-21,NOISE - STREET/SIDEWALK,1.8100429547256025
2025-09-21,RODENT,62.25057256235828
2025-09-28,HEAT/HOT WATER,36.18286909761996
2025-09-28,NOISE - RESIDENTIAL,1.4706064449455092
2025-09-28,NOISE - STREET/SIDEWALK,1.590085224246298
2025-09-28,RODENT,60.40898960363873
2025-10-05,HEAT/HOT WATER,25.72867938420348
2025-10-05,NOISE - RESIDENTIAL,1.7075461923264297
2025-10-05,NOISE - STREET/SIDEWALK,1.6173011970927746
2025-10-05,RODENT,98.58257352941176
2025-10-12,HEAT/HOT WATER,29.414840284496044
2025-10-12,NOISE - RESIDENTIAL,1.3372065498131849
2025-10-12,NOISE - STREET/SIDEWALK,1.4224590698987332
2025-10-12,RODENT,143.81569444444443
2025-10-19,HEAT/HOT WATER,35.7269351487895
2025-10-19,NOISE - RESIDENTIAL,1.5339054517588673
2025-10-19,NOISE - STREET/SIDEWALK,1.6747993458852646
2025-10-19,RODENT,98.03980158730158
2025-10-26,HEAT/HOT WATER,32.69578780121249
2025-10-26,NOISE - RESIDENTIAL,1.7393264686199468
2025-10-26,NOISE - STREET/SIDEWALK,1.5877129408248656
2025-10-26,RODENT,86.20712365591397
2025-11-02,HEAT/HOT WATER,38.743024400353455
2025-11-02,NOISE - RESIDENTIAL,2.2722059039237257
2025-11-02,NOISE - STREET/SIDEWALK,1.7378213738659127
2025-11-02,RODENT,79.54254132231405
2025-11-09,HEAT/HOT WATER,34.574980163249805
2025-11-09,NOISE - RESIDENTIAL,2.3288542446065597
2025-11-09,NOISE - STREET/SIDEWALK,1.868066503800217
2025-11-09,RODENT,73.92261684303351
2025-11-16,HEAT/HOT WATER,40.20225484788449
2025-11-16,NOISE - RESIDENTIAL,1.7242823902479203
2025-11-16,NOISE - STREET/SIDEWALK,1.6400935714667093
2025-11-16,RODENT,80.77322174738842
2025-11-23,HEAT/HOT WATER,34.29855254660208
2025-11-23,NOISE - RESIDENTIAL,1.8618120716738258
2025-11-23,NOISE - STREET/SIDEWALK,1.844763596148842
2025-11-23,RODENT,63.68707971014493
2025-11-30,HEAT/HOT WATER,34.34341551293994
2025-11-30,NOISE - RESIDENTIAL,2.1900903508956278
2025-11-30,NOISE - STREET/SIDEWALK,2.050121862565044
2025-11-30,RODENT,84.92373799725651
2025-12-07,HEAT/HOT WATER,47.190451201971
2025-12-07,NOISE - RESIDENTIAL,2.6892158720575985
2025-12-07,NOISE - STREET/SIDEWALK,1.8279795467108901
2025-12-07,RODENT,133.70667940876658
2025-12-14,HEAT/HOT WATER,45.36002802287582
2025-12-14,NOISE - RESIDENTIAL,3.497788330133029
2025-12-14,NOISE - STREET/SIDEWALK,2.0921455103359174
2025-12-14,RODENT,69.7926547116737
2025-12-21,HEAT/HOT WATER,49.255800198262044
2025-12-21,NOISE - RESIDENTIAL,2.8174192859265865
2025-12-21,NOISE - STREET/SIDEWALK,2.0328793623019346
2025-12-21,RODENT,79.46742669753087
2025-12-28,HEAT/HOT WATER,43.59737354409318
2025-12-28,NOISE - RESIDENTIAL,2.5015623426960634
2025-12-28,NOISE - STREET/SIDEWALK,2.063103805473776
2025-12-28,RODENT,89.44626262626262
2026-01-04,HEAT/HOT WATER,55.31178996952064
2026-01-04,NOISE - RESIDENTIAL,2.0749460009578544
2026-01-04,NOISE - STREET/SIDEWALK,1.6538016795865633
2026-01-04,RODENT,53.89599358974359
2026-01-11,HEAT/HOT WATER,42.777302677572706
2026-01-11,NOISE - RESIDENTIAL,2.4728495075141272
2026-01-11,NOISE - STREET/SIDEWALK,1.7828059764309765
2026-01-11,RODENT,61.64655125195619
2026-01-18,HEAT/HOT WATER,44.0943584295612
2026-01-18,NOISE - RESIDENTIAL,1.9173347878074025
2026-01-18,NOISE - STREET/SIDEWALK,1.5931207070707072
2026-01-18,RODENT,114.9198281544256
2026-01-25,HEAT/HOT WATER,52.66977263892938
2026-01-25,NOISE - RESIDENTIAL,2.169784339861239
2026-01-25,NOISE - STREET/SIDEWALK,1.6943445539135196
2026-01-25,RODENT,92.68127178649237
2026-02-01,HEAT/HOT WATER,69.19050923313269
2026-02-01,NOISE - RESIDENTIAL,2.3045169269486676
2026-02-01,NOISE - STREET/SIDEWALK,1.538709595959596
2026-02-01,RODENT,54.51751068376068
2026-02-08,HEAT/HOT WATER,65.58748677822787
2026-02-08,NOISE - RESIDENTIAL,2.2266418915485082
2026-02-08,NOISE - STREET/SIDEWALK,1.6987262565137
2026-02-08,RODENT,57.280661231884054
2026-02-15,HEAT/HOT WATER,60.04624105257738
2026-02-15,NOISE - RESIDENTIAL,2.199510610034974
2026-02-15,NOISE - STREET/SIDEWALK,1.867556338028169
2026-02-15,RODENT,109.66598224513173
2026-02-22,HEAT/HOT WATER,48.72342919099357
2026-02-22,NOISE - RESIDENTIAL,2.311735206169342
2026-02-22,NOISE - STREET/SIDEWALK,1.9074383205568772
2026-02-22,RODENT,114.12670113544202
2026-03-01,HEAT/HOT WATER,45.631190414089474
2026-03-01,NOISE - RESIDENTIAL,2.2616783638691884
2026-03-01,NOISE - STREET/SIDEWALK,1.8470677837014469
2026-03-01,RODENT,96.84121913580248
2026-03-08,HEAT/HOT WATER,38.05620994972896
2026-03-08,NOISE - RESIDENTIAL,2.318652536840142
2026-03-08,NOISE - STREET/SIDEWALK,1.8616347204408341
2026-03-08,RODENT,70.07603735091023
2026-03-15,HEAT/HOT WATER,37.05072638912782
2026-03-15,NOISE - RESIDENTIAL,2.309609805538377
2026-03-15,NOISE - STREET/SIDEWALK,1.9087091617253809
2026-03-15,RODENT,61.06409118357488
2026-03-22,HEAT/HOT WATER,37.2626325385446
2026-03-22,NOISE - RESIDENTIAL,2.2753806465114783
2026-03-22,NOISE - STREET/SIDEWALK,2.427426907630522
2026-03-22,RODENT,67.87940992767916
2026-03-29,HEAT/HOT WATER,31.42980786214931
2026-03-29,NOISE - RESIDENTIAL,2.3686069567462047
2026-03-29,NOISE - STREET/SIDEWALK,1.8918404482126034
2026-03-29,RODENT,49.417620257452576
2026-04-05,HEAT/HOT WATER,31.853853136200716
2026-04-05,NOISE - RESIDENTIAL,2.3918621139338714
2026-04-05,NOISE - STREET/SIDEWALK,2.0082235996326907
2026-04-05,RODENT,20.23635990338164
2026-04-12,NOISE - RESIDENTIAL,0.7006481481481481
2026-04-12,NOISE - STREET/SIDEWALK,0.6015204678362572
